{
    "model": "YOLO",
    "optimized_confidence": 0.8,
    "optimized_max_instances": 3,
    "best_mAP": 0.6557140758777563,
    "thresholded_metrics": {
        "single_object": {
            "segmentation": {
                "pixel_iou": {
                    "mean": 0.7119991273724214,
                    "std": 0.2200162824342944,
                    "variance": 0.04840716453620721
                },
                "dice": {
                    "mean": 0.7986143774756764,
                    "std": 0.2179322535063096,
                    "variance": 0.04749446711833839
                }
            },
            "detection": {
                "precision": {
                    "mean": 0.5688284751331403,
                    "std": 0.2738338466833914,
                    "variance": 0.0749849755894231
                },
                "recall": {
                    "mean": 0.630969914525279,
                    "std": 0.3133412148998595,
                    "variance": 0.09818271695491994
                },
                "f1": {
                    "mean": 0.5881068048711242,
                    "std": 0.2800534794774391,
                    "variance": 0.07842995136742038
                },
                "label_accuracy": {
                    "mean": 0.6186435379627666,
                    "std": 0.3321272911209408,
                    "variance": 0.11030853750733416
                },
                "box_iou": {
                    "mean": 0.5927309123411713,
                    "std": 0.29383778433432217,
                    "variance": 0.08634064350250364
                }
            },
            "mAP": 0.7039190054428202,
            "processing_time": {
                "mean": 0.3027370125055313,
                "std": 0.07467364577518508,
                "variance": 0.005576153373357817
            }
        },
        "multi_object": {
            "segmentation": {
                "pixel_iou": {
                    "mean": 0.5960061935583757,
                    "std": 0.22166689753951896,
                    "variance": 0.049136213464795596
                },
                "dice": {
                    "mean": 0.7104696762159263,
                    "std": 0.20457619293337914,
                    "variance": 0.04185141871511517
                }
            },
            "detection": {
                "precision": {
                    "mean": 0.6688691284988784,
                    "std": 0.30803135838940837,
                    "variance": 0.09488331775122413
                },
                "recall": {
                    "mean": 0.4030867990771415,
                    "std": 0.1799334847468537,
                    "variance": 0.03237605893314623
                },
                "f1": {
                    "mean": 0.4805896872705024,
                    "std": 0.21062206217149596,
                    "variance": 0.04436165307337351
                },
                "label_accuracy": {
                    "mean": 0.663127635008475,
                    "std": 0.32895297238691934,
                    "variance": 0.10821005804218932
                },
                "box_iou": {
                    "mean": 0.6461036308878159,
                    "std": 0.26036725130630406,
                    "variance": 0.0677911055528001
                }
            },
            "mAP": 0.6151204509808601,
            "processing_time": {
                "mean": 0.46938493377284,
                "std": 0.10323276395255057,
                "variance": 0.010657003553283024
            }
        },
        "all_objects": {
            "segmentation": {
                "pixel_iou": {
                    "mean": 0.6490315347305109,
                    "std": 0.22834581677186272,
                    "variance": 0.0521418120372091
                },
                "dice": {
                    "mean": 0.7507643967918121,
                    "std": 0.21531186587454465,
                    "variance": 0.04635919958637791
                }
            },
            "detection": {
                "precision": {
                    "mean": 0.6231362583888266,
                    "std": 0.2971036579387224,
                    "variance": 0.08827058356056937
                },
                "recall": {
                    "mean": 0.5072619375677186,
                    "std": 0.274492983939819,
                    "variance": 0.07534639823218574
                },
                "f1": {
                    "mean": 0.5297403696022152,
                    "std": 0.2506082249493138,
                    "variance": 0.06280448241224586
                },
                "label_accuracy": {
                    "mean": 0.6427920477875796,
                    "std": 0.3311501729855178,
                    "variance": 0.10966043706833838
                },
                "box_iou": {
                    "mean": 0.6217046738379212,
                    "std": 0.2774487770600918,
                    "variance": 0.07697782389214053
                }
            },
            "mAP": 0.6557140758777563,
            "processing_time": {
                "mean": 0.3932030269077846,
                "std": 0.12339450015686451,
                "variance": 0.015226202668962435
            }
        }
    }
}