{
    "single_object": {
        "segmentation": {
            "pixel_iou": {
                "mean": 0.7119991273724214,
                "std": 0.2200162824342944,
                "variance": 0.04840716453620721
            },
            "dice": {
                "mean": 0.7986143774756764,
                "std": 0.2179322535063096,
                "variance": 0.04749446711833839
            }
        },
        "detection": {
            "precision": {
                "mean": 0.6528329038388682,
                "std": 0.27676023858331616,
                "variance": 0.0765962296606941
            },
            "recall": {
                "mean": 0.8484259973710069,
                "std": 0.25170305148865324,
                "variance": 0.06335442612869963
            },
            "f1": {
                "mean": 0.7068386060955866,
                "std": 0.2503504581157539,
                "variance": 0.06267535187876784
            },
            "label_accuracy": {
                "mean": 0.7779654569439998,
                "std": 0.3212209381290043,
                "variance": 0.10318289109247761
            },
            "box_iou": {
                "mean": 0.7935072915166747,
                "std": 0.24019130536658254,
                "variance": 0.0576918631737029
            }
        },
        "mAP": 0.43011815041789003,
        "processing_time": {
            "mean": 0.3011062890291214,
            "std": 0.0734353145109546,
            "variance": 0.0053927454173228195
        }
    },
    "multi_object": {
        "segmentation": {
            "pixel_iou": {
                "mean": 0.5960061935583757,
                "std": 0.22166689753951896,
                "variance": 0.049136213464795596
            },
            "dice": {
                "mean": 0.7104696762159263,
                "std": 0.20457619293337914,
                "variance": 0.04185141871511517
            }
        },
        "detection": {
            "precision": {
                "mean": 0.7352450264696481,
                "std": 0.30020380020497855,
                "variance": 0.09012232165751068
            },
            "recall": {
                "mean": 0.6746099942153082,
                "std": 0.17106951822871783,
                "variance": 0.029264780067005624
            },
            "f1": {
                "mean": 0.6577361157235871,
                "std": 0.22271633542054603,
                "variance": 0.04960256606315717
            },
            "label_accuracy": {
                "mean": 0.8232132881989969,
                "std": 0.2776121815308605,
                "variance": 0.07706852333432343
            },
            "box_iou": {
                "mean": 0.8394675035730145,
                "std": 0.09910555602224605,
                "variance": 0.00982191123447855
            }
        },
        "mAP": 0.4310137839487896,
        "processing_time": {
            "mean": 0.4732573534313001,
            "std": 0.10339297648102444,
            "variance": 0.010690107585605674
        }
    },
    "all_objects": {
        "segmentation": {
            "pixel_iou": {
                "mean": 0.6490315347305109,
                "std": 0.22834581677186272,
                "variance": 0.0521418120372091
            },
            "dice": {
                "mean": 0.7507643967918121,
                "std": 0.21531186587454465,
                "variance": 0.04635919958637791
            }
        },
        "detection": {
            "precision": {
                "mean": 0.6975709132670058,
                "std": 0.29261652405112965,
                "variance": 0.08562443014776534
            },
            "recall": {
                "mean": 0.7540687385150562,
                "std": 0.22879276118552633,
                "variance": 0.05234612757089729
            },
            "f1": {
                "mean": 0.6801829684650725,
                "std": 0.23701694431906045,
                "variance": 0.0561770318943446
            },
            "label_accuracy": {
                "mean": 0.8025285653395695,
                "std": 0.2991899081076997,
                "variance": 0.08951460111349377
            },
            "box_iou": {
                "mean": 0.8184571209186877,
                "std": 0.17952582905577488,
                "variance": 0.0322295232981633
            }
        },
        "mAP": 0.43060435147752124,
        "processing_time": {
            "mean": 0.39455972399030415,
            "std": 0.12499208016206366,
            "variance": 0.015623020103239748
        }
    }
}