{
    "single_object": {
        "segmentation": {
            "pixel_iou": {
                "mean": 0.7119991273724214,
                "std": 0.2200162824342944,
                "variance": 0.04840716453620721
            },
            "dice": {
                "mean": 0.7986143774756764,
                "std": 0.2179322535063096,
                "variance": 0.04749446711833839
            }
        },
        "detection": {
            "precision": {
                "mean": 0.6052153862713199,
                "std": 0.29872640345837753,
                "variance": 0.08923746412317735
            },
            "recall": {
                "mean": 0.9123382266624441,
                "std": 0.23893207623138962,
                "variance": 0.05708853705224258
            },
            "f1": {
                "mean": 0.6775402077392058,
                "std": 0.2709927460841485,
                "variance": 0.07343706843022776
            },
            "label_accuracy": {
                "mean": 0.804975616050541,
                "std": 0.32226197087508035,
                "variance": 0.10385277787229112
            },
            "box_iou": {
                "mean": 0.8505616313914397,
                "std": 0.2264458383019675,
                "variance": 0.051277717684280806
            }
        },
        "mAP": 0.27059653399999584,
        "processing_time": {
            "mean": 0.3032173812389374,
            "std": 0.07432240248168005,
            "variance": 0.005523819510648842
        }
    },
    "multi_object": {
        "segmentation": {
            "pixel_iou": {
                "mean": 0.5960061935583757,
                "std": 0.22166689753951896,
                "variance": 0.049136213464795596
            },
            "dice": {
                "mean": 0.7104696762159263,
                "std": 0.20457619293337914,
                "variance": 0.04185141871511517
            }
        },
        "detection": {
            "precision": {
                "mean": 0.5494347708554691,
                "std": 0.297806278928317,
                "variance": 0.08868857976913054
            },
            "recall": {
                "mean": 0.8358137271310968,
                "std": 0.10986401872000391,
                "variance": 0.01207010260930937
            },
            "f1": {
                "mean": 0.5955876322663441,
                "std": 0.26218012382187234,
                "variance": 0.06873841732725232
            },
            "label_accuracy": {
                "mean": 0.8325820397713528,
                "std": 0.26896346451486897,
                "variance": 0.07234134524384117
            },
            "box_iou": {
                "mean": 0.8615107466078585,
                "std": 0.07161960143605836,
                "variance": 0.005129367309859853
            }
        },
        "mAP": 0.27499951973322717,
        "processing_time": {
            "mean": 0.486025847886738,
            "std": 0.10728525523039668,
            "variance": 0.011510125989851358
        }
    },
    "all_objects": {
        "segmentation": {
            "pixel_iou": {
                "mean": 0.6490315347305109,
                "std": 0.22834581677186272,
                "variance": 0.0521418120372091
            },
            "dice": {
                "mean": 0.7507643967918121,
                "std": 0.21531186587454465,
                "variance": 0.04635919958637791
            }
        },
        "detection": {
            "precision": {
                "mean": 0.5749344807598581,
                "std": 0.29951903551721887,
                "variance": 0.089711652637165
            },
            "recall": {
                "mean": 0.870796355488284,
                "std": 0.18467052335226122,
                "variance": 0.03410320219519806
            },
            "f1": {
                "mean": 0.6330516667682238,
                "std": 0.26935681233460407,
                "variance": 0.07255309235105911
            },
            "label_accuracy": {
                "mean": 0.8199619603561246,
                "std": 0.29484860597187135,
                "variance": 0.08693570044355585
            },
            "box_iou": {
                "mean": 0.8565054367946386,
                "std": 0.1620355104289328,
                "variance": 0.02625550663996479
            }
        },
        "mAP": 0.2729867262551786,
        "processing_time": {
            "mean": 0.4024562631334577,
            "std": 0.1306402728622411,
            "variance": 0.017066880893520812
        }
    }
}