{
    "single_object": {
        "segmentation": {
            "pixel_iou": {
                "mean": 0.6176748384508524,
                "std": 0.26074721869562734,
                "variance": 0.06798911205750532
            },
            "dice": {
                "mean": 0.7008169943283513,
                "std": 0.2797359489014743,
                "variance": 0.07825220110780824
            }
        },
        "detection": {
            "precision": {
                "mean": 0.698249860681297,
                "std": 0.3232872412829141,
                "variance": 0.10451464037631711
            },
            "recall": {
                "mean": 0.9225834028134225,
                "std": 0.2404241013178788,
                "variance": 0.05780374849450965
            },
            "f1": {
                "mean": 0.7539069448208575,
                "std": 0.2873351737930942,
                "variance": 0.08256150209870766
            },
            "label_accuracy": {
                "mean": 0.7976554523445477,
                "std": 0.3577874074602845,
                "variance": 0.12801182893715163
            },
            "box_iou": {
                "mean": 0.8706285931914686,
                "std": 0.23089911797059479,
                "variance": 0.05331440267959865
            }
        },
        "mAP": 0.4185243820573094,
        "processing_time": {
            "mean": 0.3078053593635559,
            "std": 0.06777142126778828,
            "variance": 0.004592965540656024
        }
    },
    "multi_object": {
        "segmentation": {
            "pixel_iou": {
                "mean": 0.5219419658776905,
                "std": 0.24437659176575585,
                "variance": 0.05971991860304689
            },
            "dice": {
                "mean": 0.6304963705359468,
                "std": 0.25319746354163963,
                "variance": 0.06410895554391993
            }
        },
        "detection": {
            "precision": {
                "mean": 0.7116266837522253,
                "std": 0.3000104089419654,
                "variance": 0.09000624547352531
            },
            "recall": {
                "mean": 0.7779076209623097,
                "std": 0.17486455490507125,
                "variance": 0.030577612562148672
            },
            "f1": {
                "mean": 0.7042220370238943,
                "std": 0.2361561622449042,
                "variance": 0.05576973296624152
            },
            "label_accuracy": {
                "mean": 0.8571149229286289,
                "std": 0.30341448515690256,
                "variance": 0.09206034980302824
            },
            "box_iou": {
                "mean": 0.8972379726164352,
                "std": 0.08825959083425855,
                "variance": 0.007789755374230735
            }
        },
        "mAP": 0.3970483014009417,
        "processing_time": {
            "mean": 0.4741824049698679,
            "std": 0.10202099934764271,
            "variance": 0.010408284307891714
        }
    },
    "all_objects": {
        "segmentation": {
            "pixel_iou": {
                "mean": 0.5657055647682788,
                "std": 0.25646536564059563,
                "variance": 0.0657744837731644
            },
            "dice": {
                "mean": 0.6626429414124745,
                "std": 0.26795821339898024,
                "variance": 0.07180160412797343
            }
        },
        "detection": {
            "precision": {
                "mean": 0.7055115646340866,
                "std": 0.3109389984492399,
                "variance": 0.09668306075661641
            },
            "recall": {
                "mean": 0.844045121237104,
                "std": 0.21958636512899343,
                "variance": 0.04821817175056362
            },
            "f1": {
                "mean": 0.7269351377310774,
                "std": 0.2619733044148846,
                "variance": 0.06863001222605379
            },
            "label_accuracy": {
                "mean": 0.8299334506616204,
                "std": 0.3307153991107812,
                "variance": 0.10937267520900329
            },
            "box_iou": {
                "mean": 0.8850736848793076,
                "std": 0.16963707426593858,
                "variance": 0.02877673696550756
            }
        },
        "mAP": 0.40686593827242407,
        "processing_time": {
            "mean": 0.398124326978411,
            "std": 0.12091046255142535,
            "variance": 0.014619339954399633
        }
    }
}