{
    "model": "yolo_deeplab",
    "optimized_confidence": 0.5885907163528917,
    "optimized_max_instances": 7,
    "best_mAP": 0.3378626648951496,
    "thresholded_metrics": {
        "single_object": {
            "segmentation": {
                "pixel_iou": {
                    "mean": 0.6176748384508524,
                    "std": 0.26074721869562734,
                    "variance": 0.06798911205750532
                },
                "dice": {
                    "mean": 0.7008169943283513,
                    "std": 0.2797359489014743,
                    "variance": 0.07825220110780824
                }
            },
            "detection": {
                "precision": {
                    "mean": 0.6281837162340875,
                    "std": 0.35141734028726723,
                    "variance": 0.12349414705457698
                },
                "recall": {
                    "mean": 0.9350189062509351,
                    "std": 0.241528877686486,
                    "variance": 0.05833619875649352
                },
                "f1": {
                    "mean": 0.6917244222388368,
                    "std": 0.3202696443541007,
                    "variance": 0.10257264509470214
                },
                "label_accuracy": {
                    "mean": 0.8031465182820532,
                    "std": 0.35913757772917393,
                    "variance": 0.12897979973717844
                },
                "box_iou": {
                    "mean": 0.8815985974387159,
                    "std": 0.23143337669946862,
                    "variance": 0.05356140785051814
                }
            },
            "mAP": 0.3884957093221325,
            "processing_time": {
                "mean": 0.3141711950302124,
                "std": 0.07052978061263523,
                "variance": 0.004974449953266458
            }
        },
        "multi_object": {
            "segmentation": {
                "pixel_iou": {
                    "mean": 0.5219419658776905,
                    "std": 0.24437659176575585,
                    "variance": 0.05971991860304689
                },
                "dice": {
                    "mean": 0.6304963705359468,
                    "std": 0.25319746354163963,
                    "variance": 0.06410895554391993
                }
            },
            "detection": {
                "precision": {
                    "mean": 0.5435561656411241,
                    "std": 0.341052489966462,
                    "variance": 0.11631680091232365
                },
                "recall": {
                    "mean": 0.8768342443900509,
                    "std": 0.13237397877499424,
                    "variance": 0.017522870256722625
                },
                "f1": {
                    "mean": 0.5941377406157177,
                    "std": 0.29622806985960115,
                    "variance": 0.08775106937274475
                },
                "label_accuracy": {
                    "mean": 0.8464775587854672,
                    "std": 0.2971243818790062,
                    "variance": 0.08828289830698151
                },
                "box_iou": {
                    "mean": 0.8959284616552905,
                    "std": 0.08064430198412575,
                    "variance": 0.00650350344250687
                }
            },
            "mAP": 0.2952243116934797,
            "processing_time": {
                "mean": 0.48963862971255656,
                "std": 0.109528482452709,
                "variance": 0.011996488468393384
            }
        },
        "all_objects": {
            "segmentation": {
                "pixel_iou": {
                    "mean": 0.5657055647682788,
                    "std": 0.25646536564059563,
                    "variance": 0.0657744837731644
                },
                "dice": {
                    "mean": 0.6626429414124745,
                    "std": 0.26795821339898024,
                    "variance": 0.07180160412797343
                }
            },
            "detection": {
                "precision": {
                    "mean": 0.582243045912193,
                    "std": 0.3483894008818471,
                    "variance": 0.12137517464681238
                },
                "recall": {
                    "mean": 0.9034329469550265,
                    "std": 0.19240721762231058,
                    "variance": 0.037020537393159185
                },
                "f1": {
                    "mean": 0.6387487950720007,
                    "std": 0.31127149794678444,
                    "variance": 0.09688994543403502
                },
                "label_accuracy": {
                    "mean": 0.8266690831267637,
                    "std": 0.3276478937164097,
                    "variance": 0.1073531422567997
                },
                "box_iou": {
                    "mean": 0.8893776665848563,
                    "std": 0.16753103414757428,
                    "variance": 0.028066647402555697
                }
            },
            "mAP": 0.3378626648951496,
            "processing_time": {
                "mean": 0.4094249452863421,
                "std": 0.1281681238923302,
                "variance": 0.016427067982079702
            }
        }
    }
}