{
    "single_object": {
        "segmentation": {
            "pixel_iou": {
                "mean": 0.5852175077948685,
                "std": 0.24639521263396924,
                "variance": 0.06071060080893891
            },
            "dice": {
                "mean": 0.6870776713595297,
                "std": 0.23764092928043762,
                "variance": 0.056473211269269956
            }
        },
        "detection": {
            "precision": {
                "mean": 0.5402564711126727,
                "std": 0.2832348712765593,
                "variance": 0.08022199230704911
            },
            "recall": {
                "mean": 0.9444473497957206,
                "std": 0.19406878521716406,
                "variance": 0.037662693395665754
            },
            "f1": {
                "mean": 0.6378215878611592,
                "std": 0.24891944201405578,
                "variance": 0.061960888612588874
            },
            "label_accuracy": {
                "mean": 0.8581641736936398,
                "std": 0.32587910685060567,
                "variance": 0.10619719228174848
            },
            "box_iou": {
                "mean": 0.8441633162616139,
                "std": 0.1869265664577703,
                "variance": 0.03494154124769122
            }
        },
        "mAP": 0.251981259497424,
        "processing_time": {
            "mean": 0.30982285737991333,
            "std": 0.06974925896522803,
            "variance": 0.004864959126198443
        }
    },
    "multi_object": {
        "segmentation": {
            "pixel_iou": {
                "mean": 0.5171543987703683,
                "std": 0.2709852634150405,
                "variance": 0.07343301298811887
            },
            "dice": {
                "mean": 0.6321623515190938,
                "std": 0.25322634012527656,
                "variance": 0.06412357933324225
            }
        },
        "detection": {
            "precision": {
                "mean": 0.49550195114395323,
                "std": 0.25144613634036667,
                "variance": 0.06322515948049827
            },
            "recall": {
                "mean": 0.7671530426108963,
                "std": 0.22198774434386812,
                "variance": 0.049278558638878554
            },
            "f1": {
                "mean": 0.5750760749974636,
                "std": 0.22866863424232295,
                "variance": 0.05228934428624927
            },
            "label_accuracy": {
                "mean": 0.7932177470720497,
                "std": 0.2773927500886048,
                "variance": 0.07694673780171918
            },
            "box_iou": {
                "mean": 0.793147717692516,
                "std": 0.11181189932030276,
                "variance": 0.012501900829613522
            }
        },
        "mAP": 0.21965665279270077,
        "processing_time": {
            "mean": 0.48219871520996094,
            "std": 0.10448559849406062,
            "variance": 0.010917240292662044
        }
    },
    "all_objects": {
        "segmentation": {
            "pixel_iou": {
                "mean": 0.548268962895854,
                "std": 0.2622340386074684,
                "variance": 0.06876669100438323
            },
            "dice": {
                "mean": 0.6572664977318645,
                "std": 0.24773908105062206,
                "variance": 0.061374652279806687
            }
        },
        "detection": {
            "precision": {
                "mean": 0.5159611602725106,
                "std": 0.2673802592685732,
                "variance": 0.07149220304652941
            },
            "recall": {
                "mean": 0.8482018687525302,
                "std": 0.2275280907347427,
                "variance": 0.05176903207339731
            },
            "f1": {
                "mean": 0.6037597380208672,
                "std": 0.24018251459119302,
                "variance": 0.05768764031534865
            },
            "label_accuracy": {
                "mean": 0.8229075420990624,
                "std": 0.30226666422355075,
                "variance": 0.09136513630083277
            },
            "box_iou": {
                "mean": 0.8164691341812466,
                "std": 0.15298983534275365,
                "variance": 0.023405889718202875
            }
        },
        "mAP": 0.2344336158577171,
        "processing_time": {
            "mean": 0.403398323059082,
            "std": 0.12459641479277234,
            "variance": 0.015524266579212576
        }
    }
}