{
    "single_object": {
        "segmentation": {
            "pixel_iou": {
                "mean": 0.5852175077948685,
                "std": 0.24639521263396924,
                "variance": 0.06071060080893891
            },
            "dice": {
                "mean": 0.6870776713595297,
                "std": 0.23764092928043762,
                "variance": 0.056473211269269956
            }
        },
        "detection": {
            "precision": {
                "mean": 0.18075724631752216,
                "std": 0.1355161499314757,
                "variance": 0.0183646268922502
            },
            "recall": {
                "mean": 0.9711210971091802,
                "std": 0.108210106597387,
                "variance": 0.011709427169817859
            },
            "f1": {
                "mean": 0.27044142615330413,
                "std": 0.17200010729069387,
                "variance": 0.029584036908010203
            },
            "label_accuracy": {
                "mean": 0.8605153618186423,
                "std": 0.3267682488488721,
                "variance": 0.10677748845575842
            },
            "box_iou": {
                "mean": 0.8630196957057468,
                "std": 0.127579483169757,
                "variance": 0.016276524525862313
            }
        },
        "mAP": 0.07636606946575375,
        "processing_time": {
            "mean": 0.31378817558288574,
            "std": 0.06923974691407811,
            "variance": 0.004794142552725589
        }
    },
    "multi_object": {
        "segmentation": {
            "pixel_iou": {
                "mean": 0.5171543987703683,
                "std": 0.2709852634150405,
                "variance": 0.07343301298811887
            },
            "dice": {
                "mean": 0.6321623515190938,
                "std": 0.25322634012527656,
                "variance": 0.06412357933324225
            }
        },
        "detection": {
            "precision": {
                "mean": 0.1293351635070722,
                "std": 0.12320056796572035,
                "variance": 0.015178379947076078
            },
            "recall": {
                "mean": 0.9486666152547211,
                "std": 0.07644517233281177,
                "variance": 0.005843864372993291
            },
            "f1": {
                "mean": 0.20122060695642197,
                "std": 0.17102824749426562,
                "variance": 0.029250661440959773
            },
            "label_accuracy": {
                "mean": 0.8022416996684033,
                "std": 0.2659529341976197,
                "variance": 0.07073096320832341
            },
            "box_iou": {
                "mean": 0.8116741508497077,
                "std": 0.06853307878466353,
                "variance": 0.004696782887704898
            }
        },
        "mAP": 0.04390655210119789,
        "processing_time": {
            "mean": 0.5592404917666787,
            "std": 0.24738138243190172,
            "variance": 0.06119754837391882
        }
    },
    "all_objects": {
        "segmentation": {
            "pixel_iou": {
                "mean": 0.548268962895854,
                "std": 0.2622340386074684,
                "variance": 0.06876669100438323
            },
            "dice": {
                "mean": 0.6572664977318645,
                "std": 0.24773908105062206,
                "variance": 0.061374652279806687
            }
        },
        "detection": {
            "precision": {
                "mean": 0.15284240136327787,
                "std": 0.13149582076710348,
                "variance": 0.0172911508792142
            },
            "recall": {
                "mean": 0.9589315212453311,
                "std": 0.09300746937204743,
                "variance": 0.00865038935899234
            },
            "f1": {
                "mean": 0.23286441001785382,
                "std": 0.1749060929547481,
                "variance": 0.03059214135269498
            },
            "label_accuracy": {
                "mean": 0.828881088079941,
                "std": 0.29673572830929906,
                "variance": 0.08805209245525014
            },
            "box_iou": {
                "mean": 0.835146399926754,
                "std": 0.10317280652512555,
                "variance": 0.010644628006270989
            }
        },
        "mAP": 0.05874518861070914,
        "processing_time": {
            "mean": 0.4470337186540876,
            "std": 0.22441966648198372,
            "variance": 0.0503641867038848
        }
    }
}