{
    "model": "yolo_deeplab",
    "optimized_confidence": 0.8,
    "optimized_max_instances": 3,
    "best_mAP": 0.6519037884688023,
    "thresholded_metrics": {
        "single_object": {
            "segmentation": {
                "pixel_iou": {
                    "mean": 0.6176748384508524,
                    "std": 0.26074721869562734,
                    "variance": 0.06798911205750532
                },
                "dice": {
                    "mean": 0.7008169943283513,
                    "std": 0.2797359489014743,
                    "variance": 0.07825220110780824
                }
            },
            "detection": {
                "precision": {
                    "mean": 0.7020958379506744,
                    "std": 0.2888018629244867,
                    "variance": 0.08340651602865398
                },
                "recall": {
                    "mean": 0.7878691050998196,
                    "std": 0.2985755208868005,
                    "variance": 0.08914734167282426
                },
                "f1": {
                    "mean": 0.7279530395617873,
                    "std": 0.2815523507283201,
                    "variance": 0.07927172620064296
                },
                "label_accuracy": {
                    "mean": 0.7370184615060187,
                    "std": 0.3790080667960552,
                    "variance": 0.14364711469648306
                },
                "box_iou": {
                    "mean": 0.7450650075788767,
                    "std": 0.2847310291895468,
                    "variance": 0.08107175898333854
                }
            },
            "mAP": 0.6635426206446062,
            "processing_time": {
                "mean": 0.31210967898368835,
                "std": 0.07357500031356663,
                "variance": 0.0054132806711413295
            }
        },
        "multi_object": {
            "segmentation": {
                "pixel_iou": {
                    "mean": 0.5219419658776905,
                    "std": 0.24437659176575585,
                    "variance": 0.05971991860304689
                },
                "dice": {
                    "mean": 0.6304963705359468,
                    "std": 0.25319746354163963,
                    "variance": 0.06410895554391993
                }
            },
            "detection": {
                "precision": {
                    "mean": 0.8265982840763593,
                    "std": 0.2453776555907415,
                    "variance": 0.060210193863208555
                },
                "recall": {
                    "mean": 0.6331414710921934,
                    "std": 0.20177522680319193,
                    "variance": 0.04071324215147955
                },
                "f1": {
                    "mean": 0.6859674654766622,
                    "std": 0.20499220653281772,
                    "variance": 0.04202180473919339
                },
                "label_accuracy": {
                    "mean": 0.8275963061544127,
                    "std": 0.3057869717291764,
                    "variance": 0.09350567207930012
                },
                "box_iou": {
                    "mean": 0.8464466620881298,
                    "std": 0.13715589072963313,
                    "variance": 0.018811738361839064
                }
            },
            "mAP": 0.6421026666365464,
            "processing_time": {
                "mean": 0.47556957445646586,
                "std": 0.10011529090354225,
                "variance": 0.010023071472700889
            }
        },
        "all_objects": {
            "segmentation": {
                "pixel_iou": {
                    "mean": 0.5657055647682788,
                    "std": 0.25646536564059563,
                    "variance": 0.0657744837731644
                },
                "dice": {
                    "mean": 0.6626429414124745,
                    "std": 0.26795821339898024,
                    "variance": 0.07180160412797343
                }
            },
            "detection": {
                "precision": {
                    "mean": 0.769682880133189,
                    "std": 0.27324159760232036,
                    "variance": 0.07466097066026836
                },
                "recall": {
                    "mean": 0.7038741037813939,
                    "std": 0.26228940574448234,
                    "variance": 0.06879573236579369
                },
                "f1": {
                    "mean": 0.7051608707727192,
                    "std": 0.24390120868411497,
                    "variance": 0.0594877995975722
                },
                "label_accuracy": {
                    "mean": 0.7861892914580041,
                    "std": 0.34418525781479986,
                    "variance": 0.11846349169704025
                },
                "box_iou": {
                    "mean": 0.8001007628838999,
                    "std": 0.22321322461386514,
                    "variance": 0.049824143642519816
                }
            },
            "mAP": 0.6519037884688023,
            "processing_time": {
                "mean": 0.4008450508117676,
                "std": 0.12060865194973987,
                "variance": 0.01454644692513349
            }
        }
    }
}