{
    "model": "maskrcnn",
    "optimized_confidence": 0.8,
    "optimized_max_instances": 3,
    "best_mAP": 0.3565757057549632,
    "thresholded_metrics": {
        "single_object": {
            "segmentation": {
                "pixel_iou": {
                    "mean": 0.5852175077948685,
                    "std": 0.24639521263396924,
                    "variance": 0.06071060080893891
                },
                "dice": {
                    "mean": 0.6870776713595297,
                    "std": 0.23764092928043762,
                    "variance": 0.056473211269269956
                }
            },
            "detection": {
                "precision": {
                    "mean": 0.6093277545389923,
                    "std": 0.29485430332229773,
                    "variance": 0.08693906018767757
                },
                "recall": {
                    "mean": 0.8422950130610036,
                    "std": 0.26198469882439973,
                    "variance": 0.06863598241811143
                },
                "f1": {
                    "mean": 0.6770597441622765,
                    "std": 0.27086278929980595,
                    "variance": 0.07336665062727107
                },
                "label_accuracy": {
                    "mean": 0.783516780198847,
                    "std": 0.33964310389278946,
                    "variance": 0.11535743802192817
                },
                "box_iou": {
                    "mean": 0.7518966255665553,
                    "std": 0.23419579217784212,
                    "variance": 0.05484766907380702
                }
            },
            "mAP": 0.3721634592943121,
            "processing_time": {
                "mean": 0.32180459797382355,
                "std": 0.07888332561294198,
                "variance": 0.006222579059757427
            }
        },
        "multi_object": {
            "segmentation": {
                "pixel_iou": {
                    "mean": 0.5171543987703683,
                    "std": 0.2709852634150405,
                    "variance": 0.07343301298811887
                },
                "dice": {
                    "mean": 0.6321623515190938,
                    "std": 0.25322634012527656,
                    "variance": 0.06412357933324225
                }
            },
            "detection": {
                "precision": {
                    "mean": 0.6149286218046922,
                    "std": 0.2809739614342419,
                    "variance": 0.07894636700405087
                },
                "recall": {
                    "mean": 0.6437308142849673,
                    "std": 0.2582692300472821,
                    "variance": 0.06670299518921592
                },
                "f1": {
                    "mean": 0.6085151425099826,
                    "std": 0.25488400130959077,
                    "variance": 0.06496585412358748
                },
                "label_accuracy": {
                    "mean": 0.7531794595830456,
                    "std": 0.3114539319279477,
                    "variance": 0.09700355171337867
                },
                "box_iou": {
                    "mean": 0.7249769874093195,
                    "std": 0.1849841460097997,
                    "variance": 0.034219134274974895
                }
            },
            "mAP": 0.34344917645866946,
            "processing_time": {
                "mean": 0.5110351411919845,
                "std": 0.1626708698339459,
                "variance": 0.02646181189253257
            }
        },
        "all_objects": {
            "segmentation": {
                "pixel_iou": {
                    "mean": 0.548268962895854,
                    "std": 0.2622340386074684,
                    "variance": 0.06876669100438323
                },
                "dice": {
                    "mean": 0.6572664977318645,
                    "std": 0.24773908105062206,
                    "variance": 0.061374652279806687
                }
            },
            "detection": {
                "precision": {
                    "mean": 0.6123682253403723,
                    "std": 0.28741599540208257,
                    "variance": 0.08260795441296995
                },
                "recall": {
                    "mean": 0.7345030194397267,
                    "std": 0.27815672462280133,
                    "variance": 0.07737116345288494
                },
                "f1": {
                    "mean": 0.6398498175510312,
                    "std": 0.26452254950801785,
                    "variance": 0.06997217919822174
                },
                "label_accuracy": {
                    "mean": 0.7670479490074119,
                    "std": 0.32499584236010504,
                    "variance": 0.10562229755135423
                },
                "box_iou": {
                    "mean": 0.73728310770977,
                    "std": 0.2093541433082762,
                    "variance": 0.04382915732034225
                }
            },
            "mAP": 0.3565757057549632,
            "processing_time": {
                "mean": 0.4245297500065395,
                "std": 0.1615421636296624,
                "variance": 0.02609587063015262
            }
        }
    }
}